abalanzar	abalanzar	V
abalar	abalar	V
abalaustrar	balaustrar	V
aballar	abalar	V
abanderar	abanderar	V
abandonar	abandonar	V
abanear	abanear	V
abanicar	abanicar	V
abaratar	abaratar	V
abarcar	abarcar	V
abarcar	abranguer	V
abarloar	abarloar	V
abarquillar	abarquiñar	V
abarraganar	abarregar	V
abarrancar	abarrancar	V
abarrocar	abarrocar	V
abarrotar	abarrotar	V
abastecer	abastecer	V
abatir	abater	V
abdicar	abdicar	V
abducir	abducir	V
abejar	abellar	V
abejorrear	abelloar	V
aberrar	aberrar	V
abismar	abismar	V
abjurar	abxurar	V
ablandar	abrandar	V
abobar	abobar	V
abocar	abocar	V
abochornar	avergonzar	V
abocinar	abucinar	V
abofetear	losquear	V
abogar	avogar	V
abolir	abolir	V
abollar	abolar	V
abombar	bombear	V
abominar	abominar	V
abonar	abonar	V
abonar	cuitar	V
abonar	estercar	V
abordar	abordar	V
aborregar	emboubar	V
abortar	abortar	V
abotagar	inchar	V
abotonar	abotoar	V
abovedar	abovedar	V
aboyar	aboiar	V
abrasar	abrasar	V
abrazar	abrazar	V
abrevar	abeberar	V
abreviar	abreviar	V
abrigar	abrigar	V
abrillantar	abrillantar	V
abrir	abrir	V
abrir	desencartar	V
abrir	despechar	V
abrirfuego	abrirfogo	V
abrochar	abrochar	V
abrogar	abrogar	V
abroncar	reconvir	V
abrumar	atafegar	V
absolver	absolver	V
absorber	absorber	V
abstener	abster	V
abuchear	apupar	V
abultar	avultar	V
abundar	abundar	V
aburguesar	aburguesar	V
aburrir	aburrir	V
abusar	abusar	V
acaballar	acabalgar	V
acabar	acabar	V
academizar	academizar	V
acaecer	acaecer	V
acalabrotar	calabrotear	V
acalambrar	acalambrar	V
acallar	acalar	V
acalorar	acalorar	V
acamar	acamar	V
acampanar	acampanar	V
acampar	acampar	V
acanalar	acanalar	V
acanallar	acanallar	V
acantonar	acantonar	V
acaparar	acaparar	V
acaramelar	acaramelar	V
acariciar	acariciar	V
acariciar	acariñar	V
acariciar	agarimar	V
acariciar	aloumiñar	V
acarrear	carretar	V
acarrear	carrexar	V
acarretar	carrexar	V
acartonar	acartonar	V
acatar	acatar	V
acatarrar	acatarrar	V
acaudalar	adiñeirar	V
acaudillar	acaudillar	V
acceder	acceder	V
accidentar	accidentar	V
accionar	accionar	V
acechar	asexar	V
acechar	axexar	V
acechar	esculcar	V
acechar	espreitar	V
acecinar	chacinar	V
aceitar	aceitar	V
acelerar	acelerar	V
acendrar	acendrar	V
acentuar	acentuar	V
aceptar	aceptar	V
acerar	aceirar	V
acercar	acercar	V
acercar	achegar	V
acercar	aconchegar	V
acertar	acertar	V
acertar	atinar	V
acetificar	acetificar	V
acetilar	acetilar	V
acetrinar	acitrinar	V
achabacanar	choqueirar	V
achacar	achacar	V
achaflanar	achafranar	V
achantar	achantar	V
achaparrar	achaparrar	V
acharolar	acharoar	V
achatar	achatar	V
achatarrar	achatarrar	V
achicar	achicar	V
achicharrar	torrar	V
achispar	enchispar	V
achochar	chochear	V
achubascar	anubrar	V
achuchar	esmagar	V
achulapar	chulear	V
achular	gabar	V
acicalar	acicalar	V
acidificar	acidificar	V
acidular	acidular	V
aciguatar	aseitar	V
aclamar	aclamar	V
aclarar	aclarar	V
aclarar	clarear	V
aclimatar	aclimatar	V
acobardar	acovardar	V
acocear	coucear	V
acochar	acochar	V
acodar	abacelar	V
acoderar	acoderar	V
acodiciar	acobizar	V
acodillar	acobadar	V
acoger	acoller	V
acoger	gorecer	V
acogotar	desnucar	V
acojonar	acolloar	V
acolar	acolar	V
acolchar	acolchar	V
acolchonar	acolchar	V
acollar	acolar	V
acollarar	aparellar	V
acollonar	intimidar	V
acombar	empenar	V
acometer	acometer	V
acomodar	acomodar	V
acomodar	axeitar	V
acompañar	acompañar	V
acompasar	compasar	V
acomplejar	cohibir	V
aconchabar	confabular	V
acondicionar	acondicionar	V
acongojar	aflixir	V
aconsejar	aconsellar	V
acontecer	acontecer	V
acopar	acopar	V
acopiar	amorear	V
acoplar	axustar	V
acoquinar	apoucar	V
acorazar	acoirazar	V
acorchar	encortizar	V
acordar	acordar	V
acordar	concordar	V
acordelar	acordelar	V
acordonar	acordoar	V
acornar	cornear	V
acornear	escornar	V
acorralar	acurralar	V
acortar	acurtar	V
acosar	acosar	V
acostar	deitar	V
acostumbrar	acostumar	V
acostumbrar	afacer	V
acotar	acoutar	V
acoyundar	peallar	V
acrecentar	acrecentar	V
acreditar	acreditar	V
acribillar	cribar	V
acriminar	incriminar	V
acrisolar	acrisolar	V
acristalar	acristalar	V
acristianar	acristianar	V
acromatizar	acromatizar	V
activar	activar	V
actualizar	actualizar	V
actuar	actuar	V
acuartelar	acuartelar	V
acuatizar	acuatizar	V
acuchillar	acoitelar	V
acuciar	aburar	V
acuclillar	anicar	V
acudir	acudir	V
acuitar	aflixir	V
acular	acuar	V
acumular	acumular	V
acuñar	acuñar	V
acunar	arrolar	V
acurrucar	aniñar	V
acusar	acusar	V
adamar	adamar	V
adamascar	adamascar	V
adaptar	adaptar	V
adecenar	adecenar	V
adecentar	arrombar	V
adecuar	adecuar	V
adehesar	adevesar	V
adelantar	adiantar	V
adelgazar	adelgazar	V
adensar	condensar	V
adentrar	penetrar	V
aderezar	aderezar	V
adeudar	deber	V
adherir	adherir	V
adiar	fixar	V
adicionar	engadir	V
adiestrar	adestrar	V
adinerar	enriquecer	V
adivinar	adiviñar	V
adjetivar	adxectivar	V
adjudicar	adxudicar	V
adjuntar	achegar	V
administrar	administrar	V
admirar	admirar	V
admitir	admitir	V
adobar	adobar	V
adoctrinar	adoutrinar	V
adolecer	adoecer	V
adoptar	adoptar	V
adoquinar	empedrar	V
adorar	adorar	V
adormecer	adormentar	V
adormilar	adormecer	V
adormitar	adurmiñar	V
adornar	adobiar	V
adornar	adornar	V
adosar	encostar	V
adquirir	adquirir	V
adscribir	adscribir	V
aducir	aducir	V
adueñar	apropiar	V
adular	adular	V
adulterar	adulterar	V
adulzar	adozar	V
adulzorar	adozar	V
adverbializar	adverbializar	V
advertir	advertir	V
advocar	advocar	V
aerotransportar	aerotransportar	V
afamar	afamar	V
afanar	afanar	V
afear	afear	V
afectar	afectar	V
afeitar	afeitar	V
afelpar	felpar	V
afeminar	efeminar	V
aferrar	aferrar	V
afianzar	afianzar	V
aficionar	afeccionar	V
afilar	afiar	V
afiliar	afiliar	V
afiligranar	afiligranar	V
afinar	afinar	V
afincar	fincar	V
afirmar	afirmar	V
aflautar	afrautar	V
aflojar	afrouxar	V
aflorar	aflorar	V
afofar	afofar	V
afondar	afondar	V
afoscar	afuscar	V
afrancesar	afrancesar	V
afrentar	afrontar	V
africanizar	africanizar	V
afrontar	afrontar	V
agabachar	agavachar	V
agachar	agachar	V
agarrar	agarrar	V
agarrar	apreixar	V
agarrar	termar	V
agarrotar	agarrotar	V
agasajar	agasallar	V
agavillar	engavelar	V
agazapar	acazapar	V
agenciar	axenciar	V
agigantar	axigantar	V
agilizar	axilizar	V
agitanar	axitanar	V
agitar	alborotar	V
agitar	axitar	V
aglomerar	aglomerar	V
aglutinar	aglutinar	V
agobiar	angustiar	V
agolpar	apiñar	V
agonizar	agonizar	V
agorgojar	abichar	V
agostar	agostar	V
agotar	esgotar	V
agraciar	agraciar	V
agradar	agradar	V
agradecer	agradecer	V
agrandar	agrandar	V
agravar	agravar	V
agraviar	agraviar	V
agredir	agredir	V
agregar	agregar	V
agremiar	agremiar	V
agriar	agrear	V
agrietar	gretar	V
agrisar	agrisar	V
agrupar	agrupar	V
aguantar	aguantar	V
aguantar	aturar	V
aguar	augar	V
aguardar	agardar	V
agudizar	agudizar	V
aguerrir	avezar	V
aguijar	aguillar	V
aguijonar	aguilloar	V
aguijonear	aguilloar	V
agujerear	furar	V
agusanar	avermar	V
aguzar	aguzar	V
aherrojar	agrilloar	V
aherrumbrar	enferruxar	V
ahijar	afillar	V
ahincar	afanar	V
ahitar	fartar	V
ahogar	abafar	V
ahogar	acorar	V
ahogar	afogar	V
ahogar	esganar	V
ahondar	profundar	V
ahorcar	aforcar	V
ahornar	enfornar	V
ahorrar	aforrar	V
ahuecar	baleirar	V
ahumar	afumar	V
ahuyentar	escorrentar	V
airar	airar	V
airear	airear	V
aislar	aillar	V
aislar	illar	V
ajustar	axustar	V
alabar	encomiar	V
alardear	alardear	V
alargar	alargar	V
alarmar	alarmar	V
albergar	albergar	V
alcanzar	alcanzar	V
alcanzar	atinxir	V
alegar	alegar	V
alegrar	aledar	V
alegrar	alegrar	V
alejar	afastar	V
alejar	arredar	V
alentar	alentar	V
alertar	alertar	V
aliar	aliar	V
aligerar	alixeirar	V
alimentar	alimentar	V
aliñar	aderezar	V
alinear	aliñar	V
alistar	alistar	V
aliviar	aliviar	V
allanar	achandar	V
almacenar	almacenar	V
almorzar	xantar	V
alojar	aloxar	V
alquilar	alugar	V
alterar	alterar	V
alternar	alternar	V
aludir	aludir	V
alumbrar	alumar	V
alumbrar	alumear	V
alzar	alzar	V
amamantar	aleitar	V
amancebar	arrexuntar	V
amanecer	alborecer	V
amanecer	alborexar	V
amanecer	amañecer	V
amanecer	amencer	V
amanecer	lumbrigar	V
amanecer	raiolar	V
amar	amar	V
amargar	amargar	V
amarrar	amarrar	V
ambicionar	ambicionar	V
ambientar	ambientar	V
amedrentar	amedrentar	V
amenazar	ameazar	V
amenizar	amenizar	V
amilanar	amedrentar	V
aminorar	minorar	V
amonestar	amoestar	V
amontonar	amontoar	V
amortiguar	amortecer	V
amortizar	amortizar	V
amparar	amparar	V
ampliar	ampliar	V
amputar	amputar	V
amueblar	amoblar	V
amurallar	amurallar	V
añadir	engadir	V
analizar	analizar	V
anclar	ancorar	V
andar	andar	V
anegar	alagar	V
anexar	anexar	V
anexionar	anexionar	V
anhelar	anhelar	V
anidar	aniñar	V
animar	afoutar	V
animar	animar	V
animar	arrufar	V
aniquilar	aniquilar	V
anochecer	anoitecer	V
añorar	estrañar	V
anotar	anotar	V
anquilosar	anquilosar	V
ansiar	ansiar	V
anteceder	anteceder	V
anteponer	antepoñer	V
anteponer	antepor	V
anticipar	anticipar	V
antojar	antollar	V
anular	anular	V
anunciar	anunciar	V
apaciguar	tranquilizar	V
apadrinar	apadriñar	V
apagar	apagar	V
apalabrar	apalabrar	V
apalear	mallar	V
aparcar	aparcar	V
aparecer	aparecer	V
aparejar	aparellar	V
aparentar	aparentar	V
apartar	apartar	V
apasionar	apaixonar	V
apear	apear	V
apegar	apegar	V
apelar	apelar	V
apercibir	apercibir	V
apetecer	apetecer	V
apetecer	degorar	V
apiñar	apiñar	V
aplacar	aplacar	V
aplastar	apisoar	V
aplastar	esmagar	V
aplaudir	aplaudir	V
aplazar	aprazar	V
aplicar	aplicar	V
apodar	alcumar	V
apoderar	apoderar	V
aportar	achegar	V
aportarcomoprueba	achegarcomoproba	V
apostar	apostar	V
apostillar	apostilar	V
apoyar	apoiar	V
apreciar	apreciar	V
apremiar	apremar	V
aprender	aprender	V
apresar	apresar	V
apresurar	apresurar	V
apresurar	bulir	V
apretar	apertar	V
apretar	calcar	V
aprobar	aprobar	V
apropiar	apropiar	V
aprovechar	aproveitar	V
aproximar	aproximar	V
apuñalar	apuñalar	V
apuntalar	apontoar	V
apuntar	apuntar	V
apurar	apurar	V
aquejar	afectar	V
arañar	rabuñar	V
arar	arar	V
arbitrar	arbitrar	V
archivar	arquivar	V
arder	arder	V
argüir	argüir	V
argumentar	argumentar	V
armar	armar	V
armonizar	harmonizar	V
arraigar	arraigar	V
arrancar	arrancar	V
arrancar	arrincar	V
arrancar	ripar	V
arrasar	acugular	V
arrasar	arrasar	V
arrastrar	arrastrar	V
arrebatar	arrebatar	V
arreciar	aumentar	V
arreglar	amañar	V
arreglar	arranxar	V
arreglar	aviar	V
arremeter	arremeter	V
arrendar	arrendar	V
arrepentir	arrepentir	V
arrestar	arrestar	V
arribar	arribar	V
arriesgar	arriscar	V
arrimar	acaroar	V
arrimar	arrimar	V
arrojar	arrebolar	V
arrojar	arroxar	V
arrojar	guindar	V
arrollar	arroiar	V
arropar	arroupar	V
arrugar	engurrar	V
arruinar	arruinar	V
articular	articular	V
asaltar	asaltar	V
asar	asar	V
ascender	ascender	V
ascender	gabear	V
asediar	asediar	V
asegurar	asegurar	V
asemejar	asemellar	V
asentar	asentar	V
asentir	asentir	V
asesinar	asasinar	V
asesorar	asesorar	V
asestar	asestar	V
aseverar	aseverar	V
asfaltar	asfaltar	V
asfixiar	asfixiar	V
asignar	asignar	V
asimilar	asimilar	V
asir	agarrar	V
asir	asir	V
asistir	asistir	V
asociar	asociar	V
asolar	arrasar	V
asolar	asolar	V
asomar	asomar	V
asombrar	abraiar	V
asombrar	asombrar	V
aspirar	aspirar	V
asumir	asumir	V
asustar	asustar	V
atacar	atacar	V
atajar	atallar	V
atañer	incumbir	V
atar	anoar	V
atar	atar	V
atardecer	atardecer	V
atascar	atascar	V
ataviar	ataviar	V
atemorizar	atemorizar	V
atemperar	temperar	V
atender	atender	V
atener	ater	V
atentar	atentar	V
atenuar	atenuar	V
aterrar	aterrar	V
aterrizar	aterrar	V
aterrorizar	aterrorizar	V
atesorar	atesourar	V
atestar	ateigar	V
atestiguar	testemuñar	V
atiborrar	abarrotar	V
atomizar	atomizar	V
atormentar	atormentar	V
atracar	atracar	V
atraer	atraer	V
atrapar	atrapar	V
atrasar	atrasar	V
atravesar	atravesar	V
atrever	atrever	V
atribuir	apoñer	V
atribuir	apor	V
atribuir	atribuír	V
atrincherar	atrincheirar	V
atropellar	atropelar	V
aturdir	abouxar	V
aturdir	aloular	V
aturdir	apampar	V
aturdir	aparvar	V
aturdir	atordar	V
augurar	augurar	V
aumentar	aumentar	V
aunar	axuntar	V
aupar	levantar	V
auscultar	auscultar	V
ausentar	ausentar	V
auspiciar	agoirar	V
auspiciar	auspiciar	V
autoengañar	autoenganar	V
autoinculpar	autoinculpar	V
autorizar	autorizar	V
auxiliar	auxiliar	V
avalar	avalar	V
avanzar	alancar	V
avanzar	avantar	V
avanzar	avanzar	V
avasallar	asoballar	V
avecinar	aveciñar	V
aventajar	avantaxar	V
aventurar	aventurar	V
avergonzar	avergoñar	V
averiguar	pescudar	V
avisar	avisar	V
avistar	avistar	V
avivar	avivar	V
ayudar	axudar	V
azotar	azoutar	V
bailar	bailar	V
bajar	baixar	V
balear	tirotear	V
bañar	bañar	V
barajar	barallar	V
barnizar	vernizar	V
barrer	varrer	V
barruntar	barruntar	V
basar	alicerzar	V
basar	basear	V
bastar	abastar	V
bastar	bastar	V
batir	bater	V
batir	bourar	V
batir	remexer	V
batir	zorregar	V
batir	zoupar	V
bautizar	bautizar	V
beber	beber	V
bendecir	bendicir	V
beneficiar	beneficiar	V
besar	beixar	V
besar	bicar	V
bifurcar	bifurcar	V
bloquear	bloquear	V
boicotear	boicotear	V
bombardear	bombardear	V
bombear	bombear	V
bonificar	bonificar	V
bordear	bordear	V
borrar	borrar	V
botar	botar	V
boyar	aboiar	V
brillar	brillar	V
brindar	brindar	V
bromear	chancear	V
broncear	broncear	V
brotar	abrollar	V
brotar	agromar	V
brotar	brotar	V
brotar	xermolar	V
bucear	mergullar	V
bullir	bulir	V
burlar	burlar	V
buscar	buscar	V
cabalgar	cabalgar	V
cabecear	cabecear	V
caber	caber	V
cachear	cachear	V
caducar	caducar	V
caer	caer	V
calar	calar	V
calcinar	calcinar	V
calcular	calcular	V
caldear	caldear	V
calentar	quentar	V
calibrar	calibrar	V
calificar	cualificar	V
callar	calar	V
callarse	calar	V
calmar	acougar	V
calmar	calmar	V
cambiar	cambiar	V
caminar	camiñar	V
campar	campar	V
camuflar	camuflar	V
canalizar	canalizar	V
cancelar	cancelar	V
canjear	trocar	V
cansar	cansar	V
cantar	cantar	V
capacitar	capacitar	V
capitalizar	capitalizar	V
capitanear	capitanear	V
captar	captar	V
capturar	capturar	V
caracterizar	caracterizar	V
carbonizar	carbonizar	V
carecer	carecer	V
cargar	cargar	V
casar	casar	V
casarse	casar	V
castigar	castigar	V
catalogar	catalogar	V
catar	catar	V
causar	causar	V
cautivar	cativar	V
cavar	cavar	V
cazar	cazar	V
cebar	cebar	V
ceder	ceder	V
cegar	cegar	V
celebrar	celebrar	V
cenar	cear	V
ceñir	cinguir	V
ceñir	cinxir	V
censar	censar	V
censurar	censurar	V
centralizar	centralizar	V
centrar	centrar	V
cercar	cercar	V
cercenar	cernar	V
cerner	cerner	V
cernir	cerner	V
cerrar	cerrar	V
cerrar	fechar	V
cerrar	pechar	V
certificar	certificar	V
cesar	cesar	V
charlar	charlar	V
chillar	berrar	V
chirriar	renxer	V
chocar	chocar	V
chulear	chulear	V
chupar	chuchar	V
chupar	chupar	V
chutar	xutar	V
cifrar	cifrar	V
cimentar	cimentar	V
circular	circular	V
circunscribir	circunscribir	V
citar	citar	V
civilizar	civilizar	V
clamar	clamar	V
clarificar	clarificar	V
clasificar	clasificar	V
clausurar	clausurar	V
clavar	chantar	V
clavar	cravar	V
clientelar	clientelar	V
clonar	clonar	V
cobijar	acubillar	V
cobrar	cobrar	V
cocer	cocer	V
cocinar	cociñar	V
codear	relacionar	V
codiciar	cobizar	V
coexistir	coexistir	V
cofinanciar	cofinanciar	V
coger	apañar	V
coger	coller	V
coincidir	coincidir	V
colaborar	colaborar	V
colapsar	colapsar	V
colar	coar	V
colar	colar	V
coleccionar	coleccionar	V
colectar	recadar	V
colgar	colgar	V
colgar	pendurar	V
colisionar	chocar	V
colmar	colmar	V
colocar	colocar	V
colorar	colorar	V
colorar	colorear	V
comandar	comandar	V
combatir	combater	V
combinar	combinar	V
comentar	comentar	V
comenzar	comezar	V
comer	comer	V
comercializar	comercializar	V
cometer	cometer	V
compactar	compactar	V
compaginar	compaxinar	V
comparar	comparar	V
comparar	confrontar	V
comparar	cotexar	V
comparecer	comparecer	V
compartir	compartir	V
compatibilizar	compatibilizar	V
compensar	compensar	V
competer	competer	V
competir	competir	V
complacer	chistar	V
complacer	compracer	V
complementar	complementar	V
completar	completar	V
complicar	complicar	V
componer	compoñer	V
componer	compor	V
comportar	comportar	V
comprar	comprar	V
comprender	comprender	V
comprimir	comprimir	V
comprobar	comprobar	V
comprometer	comprometer	V
computar	computar	V
comulgar	comulgar	V
comunicar	comunicar	V
concebir	concibir	V
conceder	conceder	V
concentrar	concentrar	V
concertar	concertar	V
concienciar	concienciar	V
conciliar	conciliar	V
concluir	concluír	V
concretar	concretar	V
concurrir	concorrer	V
concursar	concursar	V
condenar	condenar	V
condenaramuerte	condenarámorte	V
condicionar	condicionar	V
conducir	conducir	V
conectar	conectar	V
confeccionar	confeccionar	V
conferir	conferir	V
confesar	confesar	V
confiar	confiar	V
configurar	configurar	V
confinar	confinar	V
confirmar	confirmar	V
confiscar	confiscar	V
confluir	confluír	V
conformar	conformar	V
confortar	confortar	V
confrontar	confrontar	V
confundir	confundir	V
confundir	trabucar	V
congelar	conxelar	V
congratular	congratular	V
congregar	congregar	V
conjugar	conxugar	V
conjurar	conxurar	V
conllevar	levar	V
conmemorar	conmemorar	V
conminar	cominar	V
conmocionar	conmocionar	V
conmover	conmover	V
conocer	coñecer	V
conquistar	conquistar	V
consagrar	consagrar	V
conseguir	acadar	V
conseguir	conseguir	V
consensuar	acordar	V
consensuar	consensuar	V
consentir	consentir	V
conservar	conservar	V
considerar	considerar	V
consignar	consignar	V
consistir	consistir	V
consolar	consolar	V
consolidar	consolidar	V
conspirar	conspirar	V
constar	constar	V
constatar	constatar	V
consternar	consternar	V
constituir	constituír	V
construir	construír	V
consultar	consultar	V
consumar	consumar	V
consumir	consumir	V
consumir	corroer	V
contabilizar	contabilizar	V
contactar	contactar	V
contagiar	contaxiar	V
contaminar	contaminar	V
contar	contar	V
contemplar	contemplar	V
contemporizar	contemporizar	V
contender	contender	V
contener	conter	V
contentar	contentar	V
contestar	contestar	V
continuar	continuar	V
contraatacar	contraatacar	V
contradecir	contradicir	V
contraer	contraer	V
contraponer	contrapoñer	V
contraponer	contrapor	V
contrarrestar	contrarrestar	V
contrastar	contrastar	V
contratar	contratar	V
contribuir	contribuír	V
controlar	controlar	V
convencer	convencer	V
convenir	convir	V
converger	converxer	V
conversar	conversar	V
conversar	parolar	V
convertir	converter	V
convivir	convivir	V
convocar	convocar	V
cooperar	cooperar	V
coordinar	coordinar	V
copar	copar	V
copiar	copiar	V
corear	corear	V
coronar	coroar	V
corregir	corrixir	V
correr	correr	V
correr	descorrer	V
corresponder	corresponder	V
corroborar	corroborar	V
corromper	corromper	V
cortar	cortar	V
cosechar	colleitar	V
cosechar	cultivar	V
coser	coser	V
costar	custar	V
costear	custear	V
cotillear	rexoubar	V
cotizar	cotizar	V
crear	crear	V
crecer	crecer	V
crecer	medrar	V
creer	crer	V
criar	criar	V
crispar	crispar	V
cristalizar	cristalizar	V
criticar	criticar	V
cruzar	cruzar	V
cuadrar	cadrar	V
cuadriplicar	cuadriplicar	V
cuadruplicar	cuadriplicar	V
cuajar	callar	V
cuantificar	cuantificar	V
cubrir	cubrir	V
cuestionar	cuestionar	V
cuidar	coidar	V
culminar	culminar	V
culpar	culpar	V
cultivar	cultivar	V
cumplimentar	cumprimentar	V
cumplir	cumprir	V
cundir	render	V
curar	curar	V
curar	sandar	V
curiosear	esculcar	V
cursar	cursar	V
custodiar	custodiar	V
damnificar	damnificar	V
dañar	danar	V
dañar	magoar	V
dañar	mancar	V
danzar	danzar	V
dar	dar	V
datar	datar	V
deambular	deambular	V
debatir	debater	V
deber	deber	V
deber	haberde	V
debilitar	debilitar	V
debutar	debutar	V
decaer	decaer	V
decantar	decantar	V
decapitar	decapitar	V
decepcionar	decepcionar	V
decidir	decidir	V
decir	dicir	V
declarar	declarar	V
declinar	declinar	V
decomisar	comisar	V
decorar	decorar	V
decrecer	decrecer	V
decretar	decretar	V
dedicar	adicar	V
dedicar	dedicar	V
deducir	deducir	V
defender	defender	V
definir	definir	V
defraudar	defraudar	V
degollar	degolar	V
degradar	degradar	V
degustar	degustar	V
dejar	deixar	V
delatar	delatar	V
delegar	delegar	V
deleitar	deleitar	V
delimitar	delimitar	V
delinquir	delinquir	V
demandar	demandar	V
democratizar	democratizar	V
demoler	demoler	V
demorar	demorar	V
demostrar	demostrar	V
denegar	denegar	V
denominar	denominar	V
denostar	deostar	V
denotar	denotar	V
denunciar	denunciar	V
deparar	deparar	V
departir	departir	V
depender	depender	V
deponer	depoñer	V
deponer	depor	V
depositar	depositar	V
deprimir	deprimir	V
depurar	depurar	V
derivar	derivar	V
derogar	derrogar	V
derramar	derramar	V
derribar	derribar	V
derribar	derrubar	V
derribar	derruír	V
derrocar	derrocar	V
derrochar	malgastar	V
derrotar	derrotar	V
derrumbar	derrubar	V
desaconsejar	desaconsellar	V
desacreditar	desacreditar	V
desactivar	desactivar	V
desafiar	desafiar	V
desagradar	desagradar	V
desahogar	desafogar	V
desalojar	desaloxar	V
desamarrar	desamarrar	V
desanudar	desanoar	V
desaparecer	desaparecer	V
desaparecer	esvaecer	V
desaparecer	esvaer	V
desaprovechar	desaproveitar	V
desarmar	desarmar	V
desarrollar	desenvolver	V
desarticular	desarticular	V
desatar	desatar	V
desatascar	desatascar	V
desatender	desatender	V
desautorizar	desautorizar	V
desayunar	almorzar	V
desbancar	desbancar	V
desbaratar	desbaratar	V
desbloquear	desbloquear	V
desbordar	desbordar	V
desbordar	rebordar	V
desbrozar	rozar	V
descabalgar	descabalgar	V
descalabrar	mancar	V
descalificar	descualificar	V
descamisar	descamisar	V
descampar	escampar	V
descansar	descansar	V
descansar	folgar	V
descargar	descargar	V
descarrilar	descarrilar	V
descartar	desbotar	V
descartar	descartar	V
descender	descender	V
descentralizar	descentralizar	V
descifrar	descifrar	V
descolgar	descolgar	V
descomponer	descompoñer	V
descomponer	descompor	V
descomponer	esfurricar	V
desconcertar	desconcertar	V
desconectar	desconectar	V
desconfiar	desconfiar	V
descongestionar	desconxestionar	V
desconocer	descoñecer	V
descontar	descontar	V
desconvocar	desconvocar	V
describir	describir	V
descuartizar	descortizar	V
descubrir	descubrir	V
descuidar	descoidar	V
descuidar	desleixar	V
desdeñar	desdeñar	V
desdoblar	desdobrar	V
desdramatizar	desdramatizar	V
desear	degoar	V
desear	degoirar	V
desear	desexar	V
desear	devecer	V
desear	gorentar	V
desechar	refugar	V
desembarcar	desembarcar	V
desembocar	desembocar	V
desembolsar	desembolsar	V
desempeñar	desempeñar	V
desempolvar	desempoar	V
desencadenar	desencadear	V
desencajar	desencaixar	V
desenchufar	desenchufar	V
desenmascarar	desenmascarar	V
desenrollar	desenrolar	V
desentrañar	desentrañar	V
desenvolver	desenvolver	V
desequilibrar	desequilibrar	V
desertar	desertar	V
desesperar	desesperar	V
desestabilizar	desestabilizar	V
desestimar	desestimar	V
desfalcar	desfalcar	V
desfilar	desfilar	V
desgastar	desgastar	V
desgraciar	desgraciar	V
desgranar	debullar	V
desguazar	despezar	V
deshacer	desfacer	V
deshilachar	esfiañar	V
deshojar	esfollar	V
designar	designar	V
desinflar	desinflar	V
desistir	desistir	V
deslizar	deslizar	V
deslucir	deslucir	V
deslumbrar	cegar	V
desmantelar	desmantelar	V
desmarcar	desmarcar	V
desmentir	desmentir	V
desmontar	desmontar	V
desnivelar	desnivelar	V
desnudar	despir	V
desnudar	espir	V
desobedecer	desobedecer	V
desocupar	desocupar	V
desoír	desatender	V
desoír	desoír	V
desoír	desouvir	V
despachar	despachar	V
desparejar	desemparellar	V
desparramar	ciscar	V
desparramar	espallar	V
desparramar	esparexer	V
despedazar	esnaquizar	V
despedir	desempregar	V
despedir	despedir	V
despegar	despegar	V
despeinar	despeitear	V
despejar	despexar	V
desperdiciar	desperdiciar	V
despertar	despertar	V
despertar	espertar	V
despilfarrar	malgastar	V
despistar	despistar	V
desplazar	desprazar	V
desplegar	despregar	V
desplomar	esborrallar	V
despojar	desposuír	V
desposar	desposar	V
desposeer	desposuír	V
despotricar	baballoar	V
despreciar	desprezar	V
desprender	desprender	V
desprestigiar	desprestixiar	V
despuntar	despuntar	V
destacar	destacar	V
destacar	salientar	V
destapar	destapar	V
desterrar	desterrar	V
destilar	destilar	V
destinar	destinar	V
destituir	destituír	V
destronar	destronar	V
destrozar	destrozar	V
destrozar	esnaquizar	V
destruir	destruír	V
desvalijar	desvalixar	V
desvanecer	desvanecer	V
desvariar	desvariar	V
desvelar	desvelar	V
desvestir	desvestir	V
desviar	desviar	V
desvincular	desvincular	V
desvirtuar	desvirtuar	V
detallar	detallar	V
detectar	detectar	V
detener	coutar	V
detener	deter	V
deteriorar	deteriorar	V
determinar	determinar	V
detestar	aborrecer	V
detestar	detestar	V
detonar	detonar	V
devaluar	devaluar	V
devenir	devir	V
devolver	devolver	V
devorar	devorar	V
diagnosticar	diagnosticar	V
dialogar	dialogar	V
dibujar	debuxar	V
dictaminar	ditaminar	V
dictar	ditar	V
diferenciar	diferenciar	V
diferir	diferir	V
dificultar	dificultar	V
difundir	difundir	V
digerir	dixerir	V
digitalizar	dixitalizar	V
dignificar	dignificar	V
dilapidar	dilapidar	V
dilatar	dilatar	V
dilucidar	dilucidar	V
diluir	diluír	V
dimitir	dimitir	V
dinamitar	dinamitar	V
dinamizar	dinamizar	V
dirigir	dirixir	V
dirimir	dirimir	V
discrepar	discrepar	V
discriminar	discriminar	V
disculpar	desculpar	V
discurrir	argallar	V
discurrir	discorrer	V
discutir	discutir	V
discutir	rifar	V
diseñar	deseñar	V
disertar	disertar	V
disfrazar	disfrazar	V
disfrutar	gozar	V
disgustar	desgustar	V
disimular	disimular	V
disipar	disipar	V
disminuir	diminuír	V
disolver	disolver	V
disparar	disparar	V
disparatar	disparatar	V
disparatar	esbardallar	V
dispensar	dispensar	V
dispersar	dispersar	V
disponer	dispoñer	V
disponer	dispor	V
disputar	disputar	V
distanciar	distanciar	V
distar	distar	V
distender	distender	V
distinguir	distinguir	V
distinguir	enxergar	V
distraer	distraer	V
distribuir	distribuír	V
disuadir	disuadir	V
diversificar	diversificar	V
divertir	divertir	V
divertir	rexoubar	V
divertir	troulear	V
dividir	dividir	V
divisar	divisar	V
divorciar	divorciar	V
divulgar	divulgar	V
doblar	dobrar	V
doblar	tanxer	V
doblegar	dobregar	V
documentar	documentar	V
dolar	desbastar	V
doler	doer	V
dominar	dominar	V
donar	doar	V
dopar	dopar	V
dorar	dourar	V
dormir	durmir	V
dosificar	dosificar	V
dotar	dotar	V
duchar	duchar	V
dudar	dubidar	V
duplicar	duplicar	V
durar	durar	V
echar	botar	V
echar	chimpar	V
economizar	economizar	V
edificar	edificar	V
editar	editar	V
educar	educar	V
efectuar	efectuar	V
ejecutar	axustizar	V
ejecutar	executar	V
ejercer	exercer	V
ejercitar	exercitar	V
elaborar	elaborar	V
electrificar	electrificar	V
elegir	elixir	V
elevar	elevar	V
elevar	empoleirar	V
eliminar	eliminar	V
elogiar	eloxiar	V
elucidar	elucidar	V
eludir	eludir	V
emanar	emanar	V
emancipar	emancipar	V
embarazar	embarazar	V
embarcar	embarcar	V
embargar	embargar	V
embeber	embeber	V
embellecer	embelecer	V
embolsar	embolsar	V
embrollar	embrollar	V
embrujar	enmeigar	V
emendar	emendar	V
emerger	emerxer	V
emigrar	emigrar	V
emitir	emitir	V
emocionar	emocionar	V
empadronar	empadroar	V
empañar	embazar	V
empantanar	empantanar	V
empapar	empapar	V
empapar	enchoupar	V
emparejar	emparellar	V
empatar	empatar	V
empeñar	empeñar	V
empeñar	peñorar	V
empeñar	teimar	V
empeorar	empeorar	V
empezar	empezar	V
empinar	empinar	V
emplazar	emprazar	V
emplear	empregar	V
emplumar	emplumar	V
empotrar	encaixar	V
empreñar	empreñar	V
emprender	emprender	V
empujar	empurrar	V
empujar	empuxar	V
empujar	puxar	V
empuñar	empuñar	V
emular	emular	V
enajenar	allear	V
enaltecer	enaltecer	V
enamorar	namorar	V
enarbolar	enarborar	V
encabezar	encabezar	V
encadenar	encadear	V
encajar	encaixar	V
encallar	encallar	V
encaminar	encamiñar	V
encaminar	encarreirar	V
encandilar	encandear	V
encantar	encantar	V
encaramar	empolicar	V
encarar	encarar	V
encarcelar	encarcerar	V
encarecer	encarecer	V
encargar	encargar	V
encarnar	encarnar	V
encarrilar	encarrilar	V
encauzar	canalizar	V
encender	acender	V
encerrar	encerrar	V
encoger	encoller	V
encomendar	encomendar	V
encontrar	atopar	V
encontrar	encontrar	V
encuadernar	encadernar	V
encuadrar	encadrar	V
encuartar	abordelar	V
encubrir	encubrir	V
enderezar	endereitar	V
enderezar	enderezar	V
endeudar	endebedar	V
endosar	endosar	V
endurecer	endurecer	V
enemistar	póramal	V
enfadar	amuar	V
enfadar	cabrear	V
enfadar	enfadar	V
enfatizar	salientar	V
enfermar	enfermar	V
enfilar	enfilar	V
enfocar	enfocar	V
enfrascar	enfrascar	V
enfrentar	enfrontar	V
enfriar	arrefecer	V
enfriar	arrefriar	V
enfrontar	enfrontar	V
engalanar	engalanar	V
engañar	engaiolar	V
engañar	enganar	V
enganchar	enganchar	V
engendrar	procrear	V
englobar	englobar	V
engordar	engordar	V
engrosar	engrosar	V
engullir	engulir	V
enjugar	enxugar	V
enjuiciar	axuizar	V
enlazar	enlazar	V
enloquecer	enlouquecer	V
enloquecer	entolecer	V
enloquecer	louquear	V
enloquecer	tolear	V
enmarañar	enmarañar	V
enmarcar	enmarcar	V
enmascarar	enmascarar	V
enmendar	emendar	V
enraizar	enraizar	V
enredar	enlear	V
enredar	enredar	V
enredar	enrodelar	V
enriquecer	enriquecer	V
enrojecer	arroibar	V
enrojecer	arrubiar	V
enrojecer	roxar	V
enrolar	enrolar	V
enrollar	enrolar	V
ensalzar	enxalzar	V
ensanchar	ensanchar	V
ensayar	ensaiar	V
enseñar	ensinar	V
ensimismar	ensimesmar	V
ensimismar	ensumir	V
entablar	establecer	V
entender	entender	V
enterar	decatar	V
enterrar	enterrar	V
enterrar	soterrar	V
entonar	entoar	V
entorpecer	entorpecer	V
entrar	entrar	V
entrecruzar	entrecruzar	V
entregar	entregar	V
entrelazar	entrelazar	V
entremezclar	mesturar	V
entrenar	adestrar	V
entretener	entreter	V
entrever	entrever	V
entrevistar	entrevistar	V
entroncar	entroncar	V
enturbiar	enturbar	V
entusiasmar	entusiasmar	V
enumerar	enumerar	V
enunciar	enunciar	V
envejecer	avellentar	V
envejecer	envellecer	V
enviar	enviar	V
envidiar	envexar	V
envolver	envolver	V
enzarzar	encerellar	V
equilibrar	equilibrar	V
equipar	equipar	V
equiparar	equiparar	V
equivaler	equivaler	V
equivocar	equivocar	V
erguir	erguer	V
erigir	erixir	V
erradicar	erradicar	V
errar	errar	V
esbozar	esbozar	V
escalar	escalar	V
escalonar	graduar	V
escandalizar	escandalizar	V
escapar	escapar	V
escapar	liscar	V
escasear	escasear	V
escatimar	escatimar	V
escenificar	escenificar	V
escindir	escindir	V
esclarecer	esclarecer	V
escoger	escoller	V
escolarizar	escolarizar	V
escoltar	escoltar	V
esconder	acochar	V
esconder	agochar	V
esconder	esconder	V
escribir	escribir	V
escuchar	escoitar	V
escudar	escudar	V
escupir	chuspir	V
escupir	cuspir	V
esforzar	esforzar	V
esgrimir	brandir	V
esgrimir	esgrimir	V
esmaltar	esmaltar	V
espantar	espantar	V
especializar	especializar	V
especificar	especificar	V
especular	especular	V
esperar	agardar	V
esperar	esperar	V
espetar	espetar	V
espiar	alucar	V
espiar	espiar	V
espirar	expirar	V
esquiar	esquiar	V
esquilmar	esquilmar	V
esquivar	esquivar	V
estabilizar	estabilizar	V
establecer	establecer	V
estacionar	estacionar	V
estafar	estafar	V
estallar	estalar	V
estallar	estralar	V
estampar	estampar	V
estar	estar	V
estarderacha	estardesorte	V
estardesuerte	estardesorte	V
estarenbuenaracha	estardesorte	V
estarenmalaracha	termalasorte	V
estarenracha	estardesorte	V
estarenunabuenaracha	estardesorte	V
estarenunamalaracha	termalasorte	V
estimar	estimar	V
estimular	estimular	V
estipular	estipular	V
estirar	espreguizar	V
estirar	estalicar	V
estirar	estarricar	V
estirar	estirar	V
estorbar	empecer	V
estorbar	estorbar	V
estrangular	estrangular	V
estrechar	estreitar	V
estrellar	estrelar	V
estrellar	estrelecer	V
estremecer	estarrecer	V
estremecer	estremecer	V
estrenar	estrear	V
estribar	estribar	V
estropear	estragar	V
estructurar	estruturar	V
estudiar	estudar	V
evacuar	evacuar	V
evadir	evadir	V
evaluar	avaliar	V
evidenciar	evidenciar	V
evitar	evitar	V
evocar	evocar	V
evolucionar	evolucionar	V
exagerar	esaxerar	V
exaltar	exaltar	V
exaltar	gabar	V
examinar	examinar	V
exasperar	exasperar	V
excarcelar	excarcerar	V
excavar	escavar	V
exceder	exceder	V
exceptuar	exceptuar	V
excitar	excitar	V
exclamar	exclamar	V
excluir	excluír	V
exculpar	exculpar	V
excusar	escusar	V
exhibir	exhibir	V
exhortar	exhortar	V
exigir	esixir	V
exiliar	exiliar	V
eximir	eximir	V
existir	existir	V
expandir	expandir	V
expedir	expedir	V
experimentar	experimentar	V
expirar	expirar	V
explicar	explicar	V
explorar	explorar	V
explosionar	estourar	V
explotar	estoupar	V
explotar	estourar	V
explotar	explotar	V
exponer	expoñer	V
exponer	expor	V
exportar	exportar	V
expresar	expresar	V
exprimir	espremer	V
expropiar	expropiar	V
expulsar	expulsar	V
extender	estender	V
exterminar	exterminar	V
extinguir	extinguir	V
extirpar	extirpar	V
extraditar	extraditar	V
extraer	extraer	V
extrañar	estrañar	V
extraviar	extraviar	V
extremar	extremar	V
fabricar	fabricar	V
facilitar	facilitar	V
facturar	facturar	V
faenar	faenar	V
fallar	errar	V
fallar	fallar	V
fallecer	falecer	V
fallecer	finar	V
falsear	falsear	V
falsificar	falsificar	V
faltar	faltar	V
familiarizar	familiarizar	V
fascinar	fascinar	V
fastidiar	amocar	V
fastidiar	amolar	V
fastidiar	amoucar	V
fatigar	fatigar	V
favorecer	favorecer	V
fechar	datar	V
felicitar	felicitar	V
fenecer	fenecer	V
fertilizar	fertilizar	V
festejar	festexar	V
fiar	fiar	V
fichar	fichar	V
figurar	figurar	V
fijar	fixar	V
filmar	filmar	V
filtrar	filtrar	V
finalizar	finalizar	V
financiar	financiar	V
fingir	finxir	V
firmar	asinar	V
firmar	firmar	V
fiscalizar	fiscalizar	V
flanquear	flanquear	V
flaquear	fraquear	V
fletar	fretar	V
flexibilizar	flexibilizar	V
flirtear	flirtear	V
florecer	florecer	V
flotar	flotar	V
fluir	fluír	V
fomentar	fomentar	V
fondear	fondear	V
forjar	forxar	V
forjar	fraguar	V
formalizar	formalizar	V
formar	formar	V
formular	formular	V
forrar	forrar	V
fortalecer	fortalecer	V
fortificar	fortificar	V
forzar	forzar	V
fotografiar	fotografar	V
fracasar	fracasar	V
fracturar	fracturar	V
fraguar	fraguar	V
frecuentar	frecuentar	V
fregar	fregar	V
freír	fritir	V
freír	frixir	V
frenar	frear	V
frivolizar	frivolizar	V
frotar	fregar	V
fructificar	frutificar	V
fruncir	engurrar	V
frustrar	frustrar	V
fugar	fuxir	V
fumar	fumar	V
funcionar	funcionar	V
fundamentar	fundamentar	V
fundar	fundar	V
fundir	fundir	V
fusilar	fusilar	V
fusionar	fusionar	V
galardonar	galardoar	V
ganar	ganar	V
ganar	gañar	V
ganarapulso	gañarconsuor	V
ganarseapulso	gañarconsuor	V
garantizar	garantir	V
gastar	gastar	V
generalizar	xeneralizar	V
generar	xerar	V
gestar	xestar	V
gestionar	xestionar	V
girar	virar	V
girar	xirar	V
globalizar	globalizar	V
glosar	glosar	V
gobernar	gobernar	V
golear	golear	V
golpear	golpear	V
golpear	petar	V
golpear	zoscar	V
gozar	gozar	V
grabar	gravar	V
gravar	gravar	V
gritar	gritar	V
guardar	gardar	V
guarecer	gorecer	V
guarnecer	gornecer	V
guarnecer	guarnecer	V
guiar	guiar	V
gustar	gustar	V
haber	haber	V
haberde	deber	V
habilitar	habilitar	V
habitar	habitar	V
habituar	habituar	V
hablar	falar	V
hacer	facer	V
hacerfalta	cómprer	V
hallar	achar	V
hartar	fartar	V
hay	hai	V
hechizar	enfeitizar	V
helar	xear	V
heredar	herdar	V
herir	ferir	V
hervir	ferver	V
hilar	fiar	V
hilvanar	ganduxar	V
hincar	fincar	V
hinchar	inchar	V
hipotecar	hipotecar	V
homenajear	homenaxear	V
homogeneizar	homoxeneizar	V
homologar	homologar	V
honrar	honrar	V
horripilar	horripilar	V
horrorizar	arrepiar	V
horrorizar	aterrecer	V
horrorizar	horrorizar	V
hospedar	hospedar	V
hospitalizar	hospitalizar	V
huir	fuxir	V
humanizar	humanizar	V
humedecer	humedecer	V
humillar	abaixar	V
humillar	humillar	V
hundir	afundir	V
hurgar	escaravellar	V
hurgar	escarvar	V
hurgar	fochicar	V
hurgar	fozar	V
hurgar	furgar	V
hurtar	furtar	V
idear	idear	V
identificar	identificar	V
idolatrar	idolatrar	V
ignorar	ignorar	V
igualar	igualar	V
iluminar	iluminar	V
ilusionar	ilusionar	V
ilustrar	ilustrar	V
imaginar	imaxinar	V
imbuir	imbuír	V
imitar	imitar	V
imitar	remedar	V
impactar	impactar	V
impartir	impartir	V
impedir	impedir	V
imperar	imperar	V
impermeabilizar	impermeabilizar	V
implantar	implantar	V
implicar	implicar	V
imponer	impoñer	V
imponer	impor	V
importar	importar	V
imposibilitar	imposibilitar	V
impregnar	impregnar	V
impresionar	impresionar	V
imprimir	imprimir	V
improvisar	improvisar	V
impugnar	impugnar	V
impulsar	impulsar	V
imputar	imputar	V
inaugurar	inaugurar	V
incautar	incautar	V
incendiar	incendiar	V
incentivar	incentivar	V
incidir	incidir	V
incinerar	incinerar	V
incitar	incitar	V
inclinar	inclinar	V
incluir	incluír	V
incoar	incoar	V
incomodar	incomodar	V
incomunicar	incomunicar	V
incontrolar	incontrolar	V
incorporar	incorporar	V
incrementar	incrementar	V
increpar	increpar	V
incriminar	incriminar	V
incrustar	incrustar	V
inculcar	inculcar	V
inculpar	inculpar	V
incumplir	incumprir	V
incurrir	incorrer	V
indagar	indagar	V
indemnizar	indemnizar	V
independizar	independizar	V
indicar	indicar	V
indignar	indignar	V
indiscriminar	indiscriminar	V
individualizar	individualizar	V
inducir	inducir	V
infectar	infectar	V
inferir	inferir	V
infiltrar	infiltrar	V
inflar	inflar	V
infligir	inflixir	V
influenciar	influenciar	V
influir	influír	V
informar	informar	V
informatizar	informatizar	V
infringir	infrinxir	V
ingerir	inxerir	V
ingresar	ingresar	V
inhabilitar	inhabilitar	V
inhalar	inhalar	V
inhibir	inhibir	V
inhumar	inhumar	V
iniciar	iniciar	V
injuriar	inxuriar	V
inmiscuir	inmiscir	V
inmolar	inmolar	V
inmovilizar	inmobilizar	V
inmutar	inmutar	V
innovar	innovar	V
inquietar	inquietar	V
inquirir	inquirir	V
inscribir	inscribir	V
insertar	inserir	V
insinuar	insinuar	V
insistir	insistir	V
inspeccionar	inspeccionar	V
inspirar	inspirar	V
instalar	instalar	V
instar	instar	V
instaurar	instaurar	V
institucionalizar	institucionalizar	V
instruir	instruír	V
insultar	insultar	V
integrar	integrar	V
intensificar	intensificar	V
intentar	intentar	V
intentar	tentar	V
intercambiar	intercambiar	V
interceptar	interceptar	V
interconectar	interconectar	V
interesar	interesar	V
interferir	interferir	V
internar	internar	V
interpelar	interpelar	V
interponer	interpoñer	V
interponer	interpor	V
interpretar	interpretar	V
interrelacionar	interrelacionar	V
interrogar	interrogar	V
interrumpir	interromper	V
intervenir	intervir	V
intimidar	intimidar	V
intoxicar	intoxicar	V
introducir	introducir	V
intuir	intuír	V
inundar	alagar	V
inundar	inundar	V
invadir	invadir	V
invalidar	invalidar	V
inventar	inventar	V
invertir	inverter	V
invertir	investir	V
investigar	investigar	V
investir	investir	V
invitar	convidar	V
invitar	invitar	V
invocar	invocar	V
involucrar	involucrar	V
inyectar	inxectar	V
ir	ir	V
irar	irar	V
ironizar	ironizar	V
irradiar	irradiar	V
irritar	irritar	V
irrumpir	irromper	V
izar	izar	V
jalear	acirrar	V
jalonar	balizar	V
joder	foder	V
jorobar	amolar	V
jubilar	xubilar	V
judicializar	xudicializar	V
jugar	xogar	V
juguetear	rebuldar	V
juntar	xuntar	V
jurar	xurar	V
justificar	xustificar	V
juzgar	xulgar	V
labrar	labrar	V
ladrar	ladrar	V
lamentar	lamentar	V
lanzar	lanzar	V
largar	largar	V
lastimar	magoar	V
lastrar	lastrar	V
latir	latexar	V
latir	latir	V
laudar	laudar	V
laurear	laurear	V
lavar	lavar	V
leer	ler	V
legalizar	legalizar	V
legar	legar	V
legislar	lexislar	V
legitimar	lexitimar	V
lesionar	lesionar	V
levantar	levantar	V
liar	lear	V
liberar	liberar	V
librar	librar	V
licenciar	licenciar	V
licitar	licitar	V
liderar	liderar	V
lidiar	lidar	V
ligar	ligar	V
limar	limar	V
limitar	limitar	V
limpiar	limpar	V
linchar	linchar	V
liquidar	liquidar	V
llamar	chamar	V
llegar	chegar	V
llenar	encher	V
llevar	levar	V
llevarse	levar	V
llorar	chorar	V
llover	chover	V
loar	loar	V
localizar	localizar	V
lograr	lograr	V
luchar	loitar	V
lucir	lucir	V
machacar	machucar	V
madrugar	madrugar	V
madurar	madurar	V
maldecir	maldicir	V
malgastar	malgastar	V
malograr	malograr	V
maltratar	maltratar	V
manar	manar	V
manchar	manchar	V
mancomunar	mancomunar	V
mandar	mandar	V
manejar	manexar	V
manifestar	manifestar	V
maniobrar	manobrar	V
manipular	manipular	V
mantener	manter	V
manufacturar	manufacturar	V
maquillar	maquillar	V
maravillar	marabillar	V
marcar	marcar	V
marchar	marchar	V
marear	marear	V
marginar	marxinar	V
mastectomizar	mastectomizar	V
matar	matar	V
materializar	materializar	V
matizar	matizar	V
matricular	matricular	V
mazar	mazar	V
mecanizar	mecanizar	V
mediar	mediar	V
medir	medir	V
meditar	meditar	V
mejorar	mellorar	V
memorizar	memorizar	V
mencionar	mencionar	V
menguar	minguar	V
menoscabar	menoscabar	V
menospreciar	menosprezar	V
mentalizar	mentalizar	V
mentar	amentar	V
mentir	mentir	V
merecer	merecer	V
mermar	minguar	V
mermar	mínguar	V
mermar	míngüar	V
meter	meter	V
mezclar	mesturar	V
militar	militar	V
mimar	consentir	V
minar	minar	V
minimizar	minimizar	V
mirar	mirar	V
misar	misar	V
mitigar	mitigar	V
moderar	moderar	V
modernizar	modernizar	V
modificar	modificar	V
mojar	mollar	V
molar	molar	V
moldear	moldear	V
moler	moer	V
molestar	molestar	V
montar	montar	V
morar	morar	V
morder	morder	V
morir	morrer	V
mostrar	amosar	V
mostrar	mostrar	V
motivar	motivar	V
motorizar	motorizar	V
mover	mover	V
movilizar	mobilizar	V
mudar	mudar	V
mullir	abrandar	V
multar	multar	V
multiplicar	multiplicar	V
murmurar	murmurar	V
mutar	mutar	V
mutilar	mutilar	V
nacer	nacer	V
nacionalizar	nacionalizar	V
nadar	nadar	V
narrar	narrar	V
naufragar	naufragar	V
navegar	navegar	V
necesitar	necesitar	V
negar	negar	V
negociar	negociar	V
neutralizar	neutralizar	V
nevar	nevar	V
nivelar	nivelar	V
nombrar	nomear	V
nominar	nomear	V
normalizar	normalizar	V
notar	notar	V
notificar	notificar	V
nutrir	nutrir	V
obedecer	obedecer	V
objetar	obxectar	V
obligar	obrigar	V
obrar	obrar	V
obsequiar	obsequiar	V
observar	observar	V
obsesionar	obsesionar	V
obstaculizar	obstaculizar	V
obtener	obter	V
obviar	obviar	V
ocasionar	ocasionar	V
ocultar	ocultar	V
ocupar	ocupar	V
ocurrir	ocorrer	V
odiar	odiar	V
ofender	ofender	V
ofertar	ofertar	V
oficiar	oficiar	V
ofrecer	ofrecer	V
oír	oír	V
oír	ouvir	V
oler	cheirar	V
oler	ulir	V
olvidar	esquecer	V
ondear	ondear	V
operar	operar	V
opinar	opinar	V
oponer	opoñer	V
oponer	opor	V
opositar	opositar	V
oprimir	oprimir	V
optar	optar	V
optimizar	optimizar	V
ordenar	ordenar	V
organizar	organizar	V
orientar	orientar	V
originar	orixinar	V
orinar	ouriñar	V
ornamentar	ornamentar	V
orquestar	orquestrar	V
osar	ousar	V
oscilar	oscilar	V
oscurecer	escurecer	V
ostentar	ostentar	V
otorgar	outorgar	V
ovacionar	ovacionar	V
pactar	pactar	V
padecer	padecer	V
pagar	pagar	V
paliar	paliar	V
palpar	palpar	V
papar	papar	V
paralizar	paralizar	V
parar	parar	V
parecer	parecer	V
parir	parir	V
parrafear	parrafear	V
participar	participar	V
partir	partir	V
pasar	pasar	V
pasarporunabuenaracha	pasarporunbomomento	V
pasarporunamalaracha	pasarporunmalmomento	V
pasarporunbuenmomento	pasarporunbomomento	V
pasarporunmalmomento	pasarporunmalmomento	V
pasarunabuenaracha	pasarporunbomomento	V
pasarunamalaracha	pasarporunmalmomento	V
pasear	pasear	V
pasmar	pasmar	V
pastar	pastar	V
patear	patear	V
patentar	patentar	V
patrimonializar	patrimonializar	V
patrocinar	patrocinar	V
patronear	patronear	V
patrullar	patrullar	V
pavimentar	pavimentar	V
peatonalizar	peonalizar	V
pecar	pecar	V
pedalear	pedalear	V
pedir	pedir	V
pegar	pegar	V
peinar	peitear	V
peinar	pentear	V
pelar	pelar	V
pelear	pelexar	V
peligrar	perigar	V
penalizar	penalizar	V
penar	penar	V
pender	pender	V
penetrar	penetrar	V
pensar	pensar	V
percatar	decatar	V
percibir	percibir	V
perder	perder	V
perdonar	perdoar	V
perdurar	perdurar	V
perecer	perecer	V
peregrinar	peregrinar	V
perfeccionar	perfeccionar	V
perfilar	perfilar	V
perforar	perforar	V
pergeñar	bosquexar	V
perjudicar	prexudicar	V
permanecer	permanecer	V
permitir	permitir	V
pernoctar	pasaranoite	V
perpetrar	perpetrar	V
perpetuar	perpetuar	V
perseguir	perseguir	V
persistir	persistir	V
personalizar	personalizar	V
personar	acudir	V
persuadir	persuadir	V
pertenecer	pertencer	V
perturbar	perturbar	V
pervivir	pervivir	V
pesar	pesar	V
pescar	pescar	V
petar	petar	V
picar	picar	V
pillar	pillar	V
pilotar	pilotar	V
pinchar	picar	V
pintar	pintar	V
pisar	pisar	V
pisotear	pisar	V
pitar	pitar	V
plagar	infestar	V
planchar	pasaroferro	V
planear	planear	V
planificar	planificar	V
plantar	plantar	V
plantear	expor	V
plantear	plantexar	V
plasmar	plasmar	V
plegar	encartar	V
poblar	poboar	V
podar	podar	V
poder	poder	V
polemizar	polemizar	V
politizar	politizar	V
ponderar	ponderar	V
poner	poñer	V
poner	pór	V
ponerfinaunaracha	pórfinaunhaserie	V
ponerfinaunaserie	pórfinaunhaserie	V
pontificar	pontificar	V
popularizar	popularizar	V
porfiar	porfiar	V
pormenorizar	pormenorizar	V
portar	portar	V
posar	posar	V
posar	pousar	V
poseer	posuír	V
posibilitar	posibilitar	V
posicionar	situar	V
posponer	pospoñer	V
posponer	pospor	V
postergar	postergar	V
postrar	prostrar	V
postular	postular	V
potenciar	potenciar	V
practicar	practicar	V
preavisar	preavisar	V
preceder	preceder	V
preciar	prezar	V
precintar	precintar	V
precipitar	precipitar	V
precisar	precisar	V
preconcebir	preconcibir	V
preconizar	preconizar	V
predecir	predicir	V
predicar	predicar	V
predominar	predominar	V
prefabricar	prefabricar	V
preferir	preferir	V
pregonar	pregoar	V
preguntar	preguntar	V
prejuzgar	prexulgar	V
premeditar	premeditar	V
premiar	premiar	V
preñar	preñar	V
prender	prender	V
preocupar	preocupar	V
preparar	preparar	V
presagiar	presaxiar	V
prescindir	prescindir	V
prescribir	prescribir	V
preseleccionar	preseleccionar	V
presenciar	presenciar	V
presentar	presentar	V
presentir	presentir	V
preservar	preservar	V
presidir	presidir	V
presionar	premer	V
presionar	presionar	V
prestar	prestar	V
presumir	presumir	V
presuponer	presupoñer	V
presuponer	presupor	V
presupuestar	orzar	V
presupuestar	presupostar	V
pretender	pretender	V
prevalecer	prevalecer	V
prevenir	previr	V
prever	prever	V
primar	primar	V
principiar	principiar	V
priorizar	priorizar	V
privar	privar	V
privatizar	privatizar	V
privilegiar	privilexiar	V
probar	probar	V
proceder	proceder	V
procesar	procesar	V
proclamar	proclamar	V
procurar	procurar	V
prodigar	prodigar	V
producir	producir	V
producirvacunas	producirvacinas	V
profanar	profanar	V
proferir	proferir	V
profesar	profesar	V
profesionalizar	profesionalizar	V
profetizar	profetizar	V
profundizar	profundar	V
programar	programar	V
progresar	progresar	V
prohibir	prohibir	V
proliferar	proliferar	V
prologar	prologar	V
prolongar	prolongar	V
prometer	prometer	V
promocionar	promocionar	V
promover	promover	V
promulgar	promulgar	V
pronosticar	prognosticar	V
pronunciar	pronunciar	V
propagar	propagar	V
propiciar	propiciar	V
propinar	propinar	V
proponer	propoñer	V
proponer	propor	V
proporcionar	proporcionar	V
propugnar	propugnar	V
prorrogar	prorrogar	V
proseguir	proseguir	V
prosperar	prosperar	V
prostituir	prostituír	V
protagonizar	protagonizar	V
proteger	protexer	V
protestar	protestar	V
proveer	prover	V
provenir	provir	V
provocar	provocar	V
proyectar	proxectar	V
pseudoelegir	pseudoelixir	V
psicoanalizar	psicoanalizar	V
publicar	publicar	V
publicitar	publicitar	V
pudrir	podrecer	V
pudrirse	podrecer	V
pugnar	pugnar	V
pujar	poxar	V
pulir	puír	V
pulir	pulir	V
pulsar	pulsar	V
pulular	pulular	V
punir	punir	V
puntualizar	puntualizar	V
puntuar	puntuar	V
quebrantar	quebrantar	V
quebrar	crebar	V
quebrar	quebrar	V
quedar	ficar	V
quedar	quedar	V
quedarse	quedar	V
quejar	queixar	V
quemar	queimar	V
querer	querer	V
quitar	quitar	V
racionalizar	racionalizar	V
radiar	radiar	V
radicalizar	radicalizar	V
radicar	radicar	V
ralentizar	retardar	V
rapar	rapar	V
raptar	raptar	V
rascar	rañar	V
rascar	rascar	V
rastrear	rastrear	V
rastrear	rastrexar	V
rasurar	rasurar	V
ratificar	ratificar	V
rayar	raiar	V
razonar	razoar	V
reabrir	reabrir	V
reaccionar	reaccionar	V
reactivar	reactivar	V
readmitir	readmitir	V
reafirmar	reafirmar	V
reajustar	reaxustar	V
realizar	realizar	V
realojar	reacoller	V
realzar	realzar	V
reanimar	reanimar	V
reanudar	renovar	V
reaparecer	reaparecer	V
reavivar	reavivar	V
rebajar	rebaixar	V
rebasar	pasar	V
rebatir	rebater	V
rebelar	rebelar	V
rebosar	sobordar	V
recabar	solicitar	V
recaer	recaer	V
recalar	recalar	V
recalcar	recalcar	V
recapacitar	recapacitar	V
recargar	recargar	V
recaudar	recadar	V
rechazar	rexeitar	V
recibir	recibir	V
reciclar	reciclar	V
recitar	recitar	V
reclamar	reclamar	V
recluir	recluír	V
reclutar	recrutar	V
recobrar	recobrar	V
recoger	recoller	V
recolectar	colleitar	V
recolocar	recolocar	V
recomendar	recomendar	V
recompensar	recompensar	V
recomponer	recompoñer	V
recomponer	recompor	V
reconciliar	reconciliar	V
reconducir	reconducir	V
reconocer	recoñecer	V
reconsiderar	reconsiderar	V
reconstruir	reconstruír	V
recontar	recontar	V
reconvertir	reconverter	V
recopilar	recompilar	V
recordar	lembrar	V
recordar	recordar	V
recorrer	percorrer	V
recortar	recortar	V
recrear	recrear	V
recriar	recriar	V
recriminar	recriminar	V
rectificar	rectificar	V
recubrir	recubrir	V
recuperar	recuperar	V
recurrir	recorrer	V
redactar	redactar	V
redefinir	redefinir	V
redirigir	redirixir	V
rediseñar	redeseñar	V
redistribuir	redistribuír	V
redoblar	redobrar	V
redondear	redondear	V
reducir	reducir	V
redundar	redundar	V
reeditar	reeditar	V
reelegir	reelixir	V
reemplazar	substituír	V
reencontrar	reencontrar	V
reescribir	reescribir	V
reestrenar	reestrear	V
reestructurar	reestruturar	V
referir	referir	V
refinar	refinar	V
reflejar	reflectir	V
reflexionar	reflexionar	V
reflotar	reflotar	V
reformar	reformar	V
reforzar	reforzar	V
refrenar	refrear	V
refrendar	referendar	V
refrescar	refrescar	V
refugiar	refuxiar	V
refundir	refundir	V
regalar	regalar	V
regañar	regañar	V
regañar	rifar	V
regar	regar	V
regatear	regatear	V
regenerar	rexenerar	V
regentar	rexentar	V
regir	rexer	V
registrar	rexistrar	V
reglar	regular	V
regresar	regresar	V
regular	regular	V
regularizar	regularizar	V
rehabilitar	rehabilitar	V
rehacer	refacer	V
rehusar	refusar	V
rehusar	rexeitar	V
reinar	reinar	V
reincorporar	reincorporar	V
reiniciar	reiniciar	V
reinvertir	reinvestir	V
reír	rir	V
reiterar	reiterar	V
reivindicar	reivindicar	V
rejuvenecer	rexuvenecer	V
relacionar	relacionar	V
relajar	relaxar	V
relanzar	relanzar	V
relatar	relatar	V
releer	reler	V
relegar	relegar	V
relevar	relevar	V
rellenar	encher	V
rellenar	reencher	V
relucir	relucir	V
remachar	remachar	V
remar	remar	V
remarcar	remarcar	V
rematar	rematar	V
remediar	remediar	V
rememorar	rememorar	V
remitir	remitir	V
remodelar	remodelar	V
remolcar	remolcar	V
remontar	remontar	V
remover	remover	V
remozar	remocicar	V
remunerar	remunerar	V
renacer	renacer	V
rendir	render	V
renegar	renegar	V
renegociar	renegociar	V
reñir	rifar	V
renovar	anovar	V
renovar	renovar	V
rentabilizar	rendibilizar	V
renunciar	renunciar	V
reordenar	reordenar	V
reorganizar	reorganizar	V
reorientar	reorientar	V
reparar	reparar	V
repartir	repartir	V
repasar	repasar	V
repatriar	repatriar	V
repeler	repeler	V
repensar	repensar	V
repercutir	repercutir	V
repetir	repetir	V
replantear	reformular	V
replicar	replicar	V
repoblar	repoboar	V
reponer	repoñer	V
reponer	repor	V
reportar	reportar	V
reposar	repousar	V
repostar	encher	V
reprender	reprender	V
representar	representar	V
reprimir	reprimir	V
reprobar	reprobar	V
reprochar	reprochar	V
reproducir	reproducir	V
repudiar	repudiar	V
repugnar	repugnar	V
requerir	requirir	V
requisar	requisar	V
resaltar	resaltar	V
resarcir	resarcir	V
resbalar	escorregar	V
resbalar	esvarar	V
rescatar	rescatar	V
rescindir	rescindir	V
reseñar	apuntar	V
resentir	resentir	V
reservar	reservar	V
resfriar	arrefriar	V
resguardar	resgardar	V
residir	residir	V
resignar	resignar	V
resistir	resistir	V
resolver	resolver	V
resonar	resoar	V
respaldar	apoiar	V
respectar	respectar	V
respetar	respectar	V
respirar	respirar	V
responder	responder	V
responsabilizar	responsabilizar	V
resquebrajar	rachar	V
restablecer	restabelecer	V
restablecer	restablecer	V
restar	restar	V
restaurar	restaurar	V
restituir	restituír	V
restringir	restrinxir	V
resucitar	resucitar	V
resultar	resultar	V
resumir	resumir	V
resurgir	rexurdir	V
retar	retar	V
retardar	retardar	V
retener	reter	V
retirar	retirar	V
retocar	retocar	V
retomar	retomar	V
retorcer	retorcer	V
retornar	retornar	V
retractar	retractar	V
retransmitir	retransmitir	V
retrasar	adiar	V
retrasar	atrasar	V
retratar	retratar	V
retroalimentar	retroalimentar	V
retroceder	retroceder	V
retumbar	retumbar	V
reubicar	recolocar	V
reunir	reunir	V
reutilizar	reutilizar	V
revalidar	revalidar	V
revalorizar	revalorizar	V
revelar	revelar	V
reventar	rebentar	V
revertir	reverter	V
revestir	revestir	V
revisar	revisar	V
revitalizar	revitalizar	V
revivir	revivir	V
revocar	revogar	V
revolucionar	revolucionar	V
revolver	revolver	V
rezagar	atrasar	V
rezar	rezar	V
rivalizar	rivalizar	V
rizar	rizar	V
robar	roubar	V
rociar	asperxer	V
rodar	rodar	V
rodear	rodear	V
roer	roer	V
rogar	pregar	V
rogar	rogar	V
romper	rachar	V
romper	romper	V
romperlaracha	romperaserie	V
romperlaserie	romperaserie	V
romperse	romper	V
romperunaracha	romperunhaserie	V
romperunaserie	romperunhaserie	V
rondar	roldar	V
rotar	rotar	V
rozar	rozar	V
ruborizar	ruborizar	V
rubricar	rubricar	V
rugir	ruxir	V
rumorear	rumorear	V
saber	saber	V
saborear	saborear	V
sacar	sacar	V
saciar	saciar	V
sacralizar	sacralizar	V
sacrificar	sacrificar	V
sacudir	sacudir	V
salar	salgar	V
saldar	saldar	V
salgar	salgar	V
salir	saír	V
salpicar	salpicar	V
salpicar	zarrapicar	V
saltar	brincar	V
saltar	saltar	V
saltarporencima	chimparporriba	V
saludar	saudar	V
salvaguardar	salvagardar	V
salvar	salvar	V
sancionar	sancionar	V
sanear	sanear	V
sangrar	sangrar	V
saquear	saquear	V
satisfacer	satisfacer	V
saturar	saturar	V
secallar	calar	V
secar	secar	V
secasar	casar	V
secuestrar	secuestrar	V
secundar	secundar	V
sedimentar	sedimentar	V
seducir	seducir	V
segar	segar	V
seguir	seguir	V
seleccionar	seleccionar	V
sellar	selar	V
sellevar	levar	V
sembrar	sementar	V
semejar	semellar	V
señalar	sinalar	V
señalizar	sinalizar	V
sensibilizar	sensibilizar	V
sentar	sentar	V
sentarse	sentar	V
sentenciar	sentenciar	V
sentir	sentir	V
separar	separar	V
sepudrir	podrecer	V
sepultar	sepultar	V
sequedar	quedar	V
ser	ser	V
seriar	seriar	V
seromper	romper	V
servir	servir	V
sesentar	sentar	V
sesgar	nesgar	V
sevenir	vir	V
seviste	vístese	V
significar	significar	V
silbar	asubiar	V
silenciar	silenciar	V
simbolizar	simbolizar	V
simpatizar	simpatizar	V
simplificar	simplificar	V
simular	simular	V
sincronizar	sincronizar	V
sintetizar	sintetizar	V
sitiar	cercar	V
sitiar	sitiar	V
situar	situar	V
sobornar	subornar	V
sobrar	abondar	V
sobrar	sobrar	V
sobrellevar	soportar	V
sobrepasar	exceder	V
sobreponer	sobrepoñer	V
sobreponer	sobrepor	V
sobresalir	sobresaír	V
sobresaltar	sobresaltar	V
sobrevenir	sobrevir	V
sobrevivir	sobrevivir	V
sobrevolar	sobrevoar	V
socorrer	socorrer	V
sofisticar	sofisticar	V
sofocar	sufocar	V
solazar	entreter	V
solear	asollar	V
soler	adoitar	V
solfear	solfexar	V
solicitar	solicitar	V
solidarizar	solidarizar	V
soltar	soltar	V
solucionar	solucionar	V
solventar	liquidar	V
somatizar	somatizar	V
someter	someter	V
sonar	soar	V
soñar	soñar	V
sondear	sondar	V
sonreír	sorrir	V
sonrojar	ruborizar	V
sopesar	sopesar	V
soplar	soprar	V
soportar	soportar	V
sorber	sorber	V
sorprender	sorprender	V
sortear	sortear	V
sospechar	sospeitar	V
sostener	soster	V
soterrar	soterrar	V
suavizar	suavizar	V
subastar	poxar	V
subcontratar	subcontratar	V
subir	subir	V
sublevar	sublevar	V
subordinar	subordinar	V
subrayar	subliñar	V
subsanar	emendar	V
subsistir	subsistir	V
subtitular	subtitular	V
subvencionar	subvencionar	V
subyacer	subxacer	V
subyugar	subxugar	V
succionar	succionar	V
suceder	suceder	V
sucumbir	sucumbir	V
sudar	suar	V
sufragar	sufragar	V
sufrir	sufrir	V
sugerir	suxerir	V
suicidar	suicidar	V
sujetar	suxeitar	V
sumar	sumar	V
sumergir	mergullar	V
sumergir	somerxer	V
suministrar	fornecer	V
suministrar	subministrar	V
sumir	sumir	V
supeditar	supeditar	V
superar	superar	V
supervisar	supervisar	V
suplicar	suplicar	V
suplir	suplir	V
suponer	supoñer	V
suponer	supor	V
suprimir	suprimir	V
surcar	asucar	V
surgir	xurdir	V
surtir	fornecer	V
surtirefecto	producirefecto	V
suscitar	suscitar	V
suscribir	subscribir	V
suspender	suspender	V
suspirar	suspirar	V
sustentar	sustentar	V
sustituir	substituír	V
sustraer	subtraer	V
susurrar	rumorear	V
suturar	suturar	V
tachar	tachar	V
taladrar	tradear	V
talar	tallar	V
tallar	tallar	V
tambalear	cambalear	V
tantear	tentear	V
tapar	tapar	V
taponar	taponar	V
tardar	tardar	V
tasar	taxar	V
tatuar	tatuar	V
tejer	tecer	V
telar	tear	V
telefonear	telefonar	V
televisar	televisar	V
temblar	tremer	V
temer	temer	V
templar	amornar	V
tender	tender	V
tener	ter	V
tenermalasuerte	termalasorte	V
tenervídeo	tervídeo	V
tenervideo	tervídeo	V
teñir	tinguir	V
teñir	tinxir	V
tensar	tensar	V
tentar	tentar	V
terminar	terminar	V
territorializar	territorializar	V
testificar	testificar	V
testimoniar	testemuñar	V
tildar	tachar	V
timar	estafar	V
tirar	tirar	V
tirotear	tirotear	V
titular	titular	V
tocar	tocar	V
tocarlachina	tocaropandote	V
tolerar	tolerar	V
tomar	tomar	V
topar	topar	V
torcer	torcer	V
torear	tourear	V
tornar	tornar	V
torpedear	torpedear	V
tostar	tostar	V
trabajar	traballar	V
traducir	traducir	V
traer	traer	V
tragar	tragar	V
traicionar	traizoar	V
tramar	tramar	V
tramitar	tramitar	V
tranquilizar	tranquilizar	V
transcribir	transcribir	V
transcurrir	transcorrer	V
transferir	transferir	V
transformar	transformar	V
transigir	transixir	V
transitar	transitar	V
transmitir	transmitir	V
transportar	transportar	V
trascender	transcender	V
trasferir	transferir	V
trasformar	transformar	V
trasladar	trasladar	V
trasmitir	transmitir	V
trasnochar	trasnoitar	V
traspasar	traspasar	V
trasportar	transportar	V
trastocar	trastornar	V
trasvasar	transvasar	V
tratar	tratar	V
traumatizar	traumatizar	V
trazar	trazar	V
trepar	rubir	V
tributar	tributar	V
triplicar	triplicar	V
tripular	tripular	V
triunfar	triunfar	V
tropezar	tropezar	V
truncar	truncar	V
tumbar	tombar	V
turbar	turbar	V
tutelar	tutelar	V
ubicar	situar	V
ultimar	ultimar	V
unificar	unificar	V
unir	unir	V
urbanizar	urbanizar	V
urgir	urxir	V
usar	usar	V
usurpar	usurpar	V
utilizar	utilizar	V
vaciar	baldeirar	V
vaciar	baleirar	V
vacilar	vacilar	V
vacunar	vacinar	V
valer	valer	V
vallar	valar	V
valorar	valorar	V
vanagloriar	vangloriar	V
varar	varar	V
variar	variar	V
vaticinar	vaticinar	V
vedar	vedar	V
vejar	vexar	V
velar	velar	V
vencer	vencer	V
vender	vender	V
venerar	venerar	V
vengar	vingar	V
venir	vir	V
venirse	vir	V
ver	ver	V
veranear	veranear	V
verificar	verificar	V
versar	versar	V
vertebrar	vertebrar	V
vertir	verter	V
vestir	vestir	V
vetar	vetar	V
viajar	viaxar	V
vibrar	vibrar	V
vigilar	vixiar	V
vincular	vincular	V
violar	violar	V
violentar	violentar	V
virar	virar	V
visar	visar	V
visitar	visitar	V
vislumbrar	albiscar	V
visualizar	visualizar	V
vivir	vivir	V
vocear	vocear	V
vociferar	vociferar	V
volar	voar	V
volcar	envorcar	V
volear	bater	V
volver	volver	V
votar	votar	V
vulnerar	vulnerar	V
yacer	xacer	V
zanjar	resolver	V
zarpar	partir	V
